Page,HTTPS,URL,Status
Home Page,FALSE,http://www.facebook.com/sharer.php?u=http%3A%2F%2Faqibdar-1584.sites.z57.com%2Flistings%2F351348%2Fnine-zero-san-diego-san-diego&t=,302
Home Page,FALSE,http://twitter.com/home?status=http%3A%2F%2Faqibdar-1584.sites.z57.com%2Flistings%2F351348%2Fnine-zero-san-diego-san-diego,301
Home Page,FALSE,http://pinterest.com/pin/create/button/?url=http%3A%2F%2Faqibdar-1584.sites.z57.com%2Flistings%2F351348%2Fnine-zero-san-diego-san-diego&image_url=https%3A%2F%2Fpropertypulse.z57.com%2Fuser%2F1%2F11%2F11675%2Fb29be86cb45e04964ab0af9744605e79.jpg&media=https%3A%2F%2Fpropertypulse.z57.com%2Fuser%2F1%2F11%2F11675%2Fb29be86cb45e04964ab0af9744605e79.jpg&description=,308
Home Page,FALSE,http://www.facebook.com/sharer.php?u=http%3A%2F%2Faqibdar-1584.sites.z57.com%2Flistings%2F351325%2F3839-lunetta-street-port-charlotte&t=,302
Home Page,FALSE,http://twitter.com/home?status=http%3A%2F%2Faqibdar-1584.sites.z57.com%2Flistings%2F351325%2F3839-lunetta-street-port-charlotte,301
Home Page,FALSE,http://pinterest.com/pin/create/button/?url=http%3A%2F%2Faqibdar-1584.sites.z57.com%2Flistings%2F351325%2F3839-lunetta-street-port-charlotte&image_url=https%3A%2F%2Fpropertypulse.z57.com%2Fuser%2F1%2F11%2F11675%2F9b729bcb3e4189418cbf353b729238a0.jpg&media=https%3A%2F%2Fpropertypulse.z57.com%2Fuser%2F1%2F11%2F11675%2F9b729bcb3e4189418cbf353b729238a0.jpg&description=,308
Home Page,FALSE,http://www.facebook.com/sharer.php?u=http%3A%2F%2Faqibdar-1584.sites.z57.com%2Flistings%2F351315%2F27-walk-street-san-diego&t=,302
Home Page,FALSE,http://twitter.com/home?status=http%3A%2F%2Faqibdar-1584.sites.z57.com%2Flistings%2F351315%2F27-walk-street-san-diego,301
Home Page,FALSE,http://pinterest.com/pin/create/button/?url=http%3A%2F%2Faqibdar-1584.sites.z57.com%2Flistings%2F351315%2F27-walk-street-san-diego&image_url=&media=&description=,308
Home Page,FALSE,http://www.facebook.com/sharer.php?u=http%3A%2F%2Faqibdar-1584.sites.z57.com%2Flistings%2F351274%2F5324-grand-del-mar-place-san-diego&t=,302
Home Page,FALSE,http://twitter.com/home?status=http%3A%2F%2Faqibdar-1584.sites.z57.com%2Flistings%2F351274%2F5324-grand-del-mar-place-san-diego,301
Home Page,FALSE,http://pinterest.com/pin/create/button/?url=http%3A%2F%2Faqibdar-1584.sites.z57.com%2Flistings%2F351274%2F5324-grand-del-mar-place-san-diego&image_url=https%3A%2F%2Fimages.marketleader.com%2Fhouseimages%2FSanDiego%2F168%2Ff_180036168.jpg&media=https%3A%2F%2Fimages.marketleader.com%2Fhouseimages%2FSanDiego%2F168%2Ff_180036168.jpg&description=,308
Home Page,FALSE,http://www.facebook.com/sharer.php?u=http%3A%2F%2Faqibdar-1584.sites.z57.com%2Flistings%2F351271%2Fhouse-2-west-drive-lane-san-francisco&t=,302
Home Page,FALSE,http://twitter.com/home?status=http%3A%2F%2Faqibdar-1584.sites.z57.com%2Flistings%2F351271%2Fhouse-2-west-drive-lane-san-francisco,301
Home Page,FALSE,http://pinterest.com/pin/create/button/?url=http%3A%2F%2Faqibdar-1584.sites.z57.com%2Flistings%2F351271%2Fhouse-2-west-drive-lane-san-francisco&image_url=https%3A%2F%2Fpropertypulse.z57.com%2Fuser%2F1%2F11%2F11675%2Fc9b92e8af44b5692a5416417f6f02102.jpg&media=https%3A%2F%2Fpropertypulse.z57.com%2Fuser%2F1%2F11%2F11675%2Fc9b92e8af44b5692a5416417f6f02102.jpg&description=,308
Home Page,FALSE,http://www.facebook.com/sharer.php?u=http%3A%2F%2Faqibdar-1584.sites.z57.com%2Flistings%2F351216%2F4605-yerba-santa-san-diego&t=,302
Home Page,FALSE,http://twitter.com/home?status=http%3A%2F%2Faqibdar-1584.sites.z57.com%2Flistings%2F351216%2F4605-yerba-santa-san-diego,301
Home Page,FALSE,http://pinterest.com/pin/create/button/?url=http%3A%2F%2Faqibdar-1584.sites.z57.com%2Flistings%2F351216%2F4605-yerba-santa-san-diego&image_url=https%3A%2F%2Fimages.marketleader.com%2Fhouseimages%2FSanDiego%2F892%2Ff_180048892.jpg&media=https%3A%2F%2Fimages.marketleader.com%2Fhouseimages%2FSanDiego%2F892%2Ff_180048892.jpg&description=,308
Home Page,FALSE,http://facebook.com/,302
Home Page,TRUE,https://aqibdar-1584.sites.z57.com/terms,404
Home Page,TRUE,https://aqibdar-1584.sites.z57.com/privacy,404
Home Page,FALSE,http://z57academyfb1-9583.sites.z57.com/wp-content/uploads/sites/9562/2016/02/Buy-150x150.png,200
Home Page,FALSE,http://z57academyfb1-9583.sites.z57.com/wp-content/uploads/sites/9562/2016/02/Sell-150x150.png,200
Home Page,FALSE,http://z57academyfb1-9583.sites.z57.com/wp-content/uploads/sites/9562/2016/02/Contact-150x150.png,200
Home Page,FALSE,http://template.sites.z57.com/wp-content/uploads/sites/2/2013/06/EOH-logo-small.png,200
Home Page,TRUE,https://aqibdar-1584.sites.z57.com/xmlrpc.php,403
Home Page,FALSE,http://template.sites.z57.com/wp-content/uploads/sites/2/2015/01/house-icon-50.png,200
Home Page,TRUE,https://aqibdar-1584.sites.z57.com/xmlrpc.php?rsd,403
Home Page,FALSE,http://ajax.googleapis.com/ajax/libs/webfont/1/webfont.js,200
